||||||||＠||
||||||＠||||
|||＠|||||||
Architecture|Cloud Services|Storage Servers|On Demand|Bug Squashing|Bookmarkers|Solid State Rock|Fiber Cookie|＠||
||||||||＠||
||||||||＠||
|＠|||||||||
A City Aflame (Insane)|＠|||||||||||||
Cats After All|Healer's Journey|Teraphobic|A Strange Bottled Girl|Subjugated Cats|Lost Memories|Threads of Love|300 Yard Strike|＠|||||||||||||
20-on-20|Cat Battle|Nyanko Coliseum|＠|||||||
||||||＠||||
Squid Bender|Mean Morning Sunbeams|Life Ain't Easy, Kid|＠|||||||
ParaDroid (Expert)|ParaDroid (Insane)|＠||||||||
|||＠|||||||
|||＠|||||||
|＠|||||||||
|||＠|||||||
|||＠|||||||
Healer Awakens (Expert)|Healer Awakens (Insane)|＠|||||||||||
|||＠|||||||
|||＠|||||||
Immortal Allen O'Neill|Attack on Huge Hermit|Jupiter King Convoy|＠|||||||
Devils on the Doorstep (Insane)|＠|||||||||
|||||＠|||||
||||||||＠|||||
||||||||＠|||||
|||＠||||||||||
|||＠|||||||
Takuya ＆ Yuki Awaken! (Veteran)|Takuya ＆ Yuki Awaken! (Insane)|＠||||||||
Fungal Dominance|King of the Table|Funghi Wasn't Built in a Day…|＠|||||||
||＠||||||||
Make A Contract With Me|Become a Magical Girl|You Can Change Fate Itself|I Don't Understand You|Do You Intend To Be a God?|＠|||||
The Rose Garden Witch (Easy)|The Rose Garden Witch (Veteran)|＠||||||||
The Dessert Witch (Normal)|The Dessert Witch (Expert)|＠||||||||
The Box Witch (Hard)|The Box Witch (Insane)|＠||||||||
The Stagebuilding Witch (Deadly)|＠|||||||||
|||＠|||||||
||＠||||||||
PPAP|＠|||||||||
|＠|||||||||
|||||＠|||||
Virus of Love|Explosive Escape|Order/Disorder|＠|||||||
Converging Rays|Fever Time!|World War ALICE|＠|||||||
||＠||||||||
||＠||||||||
Another Mystery Girl|Don't Act Like You Know Me|All Worlds Will End|＠|||||||
Merc Awakens (Veteran)|Merc Awakens (Insane)|＠|||||||||||
Titi Awakens (Veteran)|Titi Awakens (Insane)|＠|||||||||||
|||＠|||||||
|||＠|||||||
|||＠|||||||
|＠|||||||||
Schoolyard Clash|Midnight Interception|Manor Ruins|Inconspicuous Trap|Beginning of the End|＠|||||
Fated Night (Easy)|Fated Night (Expert)|＠||||||||
Assault from Above (Easy)|Assault from Above (Expert)|＠||||||||
Unlimited Bladeworks (Easy)|Unlimited Bladeworks (Expert)|＠||||||||
Blood Temple (Easy)|Blood Temple (Expert)|＠||||||||
King of Heroes (Veteran)|King of Heroes (Deadly)|＠||||||||
Round 1 (Easy)|Round 2 (Normal) |Final Round (Hard)|＠|||||||
Willing Sacrifice (Veteran)|Willing Sacrifice (Deadly)|＠||||||||
Iron Will (Easy)|Iron Will (Expert)|＠||||||||
Warm Smile (Easy)|Warm Smile (Expert)|＠||||||||
No. 1 Angel (Easy)|No. 1 Angel (Expert) |＠||||||||
Burning Love (Easy)|Burning Love (Expert)|＠||||||||
Mental Manipulations|Not a Penguin|＠||||||||
State of Emergency|NERV|I Mustn't Run Away…|＠|||||||
Futagoyama Fortress|Pre-fire Sequence|High-Order Energy|Don't Say Farewell|Start by Smiling|＠|||||
Asuka On Board (Easy)|Asuka On Board (Expert)|＠||||||||
Refusal Type (Hard)|Refusal Type (Merciless)|＠||||||||
Rabbit's Mischief|Sheep's Bravado|Bear's Bashfulness|＠|
Puzzle Attack!|Collecting Cherries|Rainbow Blast!|＠|
|||||＠|
|||||＠|
|||||＠|
|||||＠|
Blackened Soul|The Two Yukis|Three Destinies|＠|
|||||＠|
||＠|
|||||＠|
Weird|Furious|Funky|＠|
|||||＠|
The Nutcracker Witch (Veteran)|The Nutcracker Witch (Merciless)|＠
Sudden Rampage (Normal)|Synthetic Hubris (Hard)|Chaos Construct (Veteran)|Abandoned Future (Expert)|Tangible Existence (Deadly)|＠
||＠
|＠
Alois: Cowards Flight|Cornelia: Heaven's Grace|Hearscht: Silver Beast|＠||||||||||
Feathered|On Holy Wings|Blade Ritual|＠||||||||||
Consumed by Shadow (Veteran)|Consumed by Shadow (Deadly)|＠|
Squid Bender|Mean Morning Sunbeams|Life Ain't Easy, Kid|＠|
Only Brother Left|Life's Hard Mode|Sardine Bones|SUDDEN DEATH|One Step from Heaven|＠|
||＠|
|||＠|
Heaven in Decline|A Journey of Hope|World at War|＠|
Hidden Stickers|Devils & Angels|Sticky Situation|A Box of Dreams|Shining Surprise|＠|
A Tower Piercing the Sky (Hard)|A Tower Piercing the Sky (Insane)|＠|
Inherited Ambition (Veteran)|Inherited Ambition (Deadly)|＠|
|||＠|
|||||＠|
A Post-Apocalypse Tale|Deliveryman Takuya|A Mystery Girl|Good Cats, Bad Cats|A Bothersome Cat|The Nyanko Plan|LOST (Insane)|＠|
An Encounter With Sin|Foolish Wanderer Kano|Wishing for Happiness|＠|
|||＠|
||＠|
It's Not Your Fault (Veteran)|We'll Meet Again (Merciless)|＠
|||||＠|
|||||＠|
The Jaws of Nature|Gnawin' Bones|Chompin' Trees|Munchin' Rocks|The Future Is Chins|＠|
|||||＠|
Warrior of Nature|Illuminating Flame|Rush & Blaze|BONUS STAGE|Blue Jade|Iron Cyclone|Impregnable Fortress|Invincible Fist|＠|
Illuminating Flame|Iron Cyclone|Blue Jade|BONUS STAGE|Rush & Blaze|Warrior of Nature|Invincible Fist|Impregnable Fortress|＠|
Iron Cyclone|Impregnable Fortress|Rush & Blaze|BONUS STAGE|Illuminating Flame|Blue Jade|Invincible Fist|Warrior of Nature|＠|
VS RYU (Easy)|＠|
VS RYU (Expert)|＠|
VS CHUN-LI (Easy)|＠|
VS CHUN-LI (Expert)|＠|
VS GUILE (Easy)|＠|
VS GUILE (Expert)|＠|
VS ZANGIEF (Easy)|＠|
VS ZANGIEF (Expert)|＠|
VS BLANKA (Easy)|＠|
VS BLANKA (Expert)|＠|
VS DHALSIM (Easy)|＠|
VS DHALSIM (Expert)|＠|
VS KEN (Easy)|＠|
VS KEN (Expert)|＠|
Master of the Fist (Veteran)|Sekia Goshoha (Deadly)|＠|
|||＠|
Electric Diva|Sing with a Smile|Future is Virtual|＠
in INDONESIA|in TAIWAN|in JAPAN|in USA|in EUROPE|＠
Spring Popstar|Scent of Blossoms|Sakura Dance|＠
||||||||||||＠
|||||＠
|||＠
|＠
|||＠
♪ Birthday Party ♪|＠
Warrior of Nature|Illuminating Flame|Rush & Blaze|BONUS STAGE|Blue Jade|Iron Cyclone|Impregnable Fortress|Invincible Fist|Fists of Avarice|The Clawed Rondo|Solitary Emperor|The Supreme Evil|＠
Pride & Passion|Iron Cyclone|Blue Jade|BONUS STAGE|Rush & Blaze|Illuminating Flame|Invincible Fist|Impregnable Fortress|Warrior of Nature|The Clawed Rondo|Solitary Emperor|The Supreme Evil|＠
Iron Cyclone|Impregnable Fortress|Rush & Blaze|BONUS STAGE|Illuminating Flame|Blue Jade|Invincible Fist|Warrior of Nature|Fists of Avarice|The Clawed Rondo|Pride & Passion|The Supreme Evil|＠
VS E. HONDA (Easy)|＠
VS E. HONDA (Expert)|＠
VS BALROG (Normal)|＠
VS BALROG (Insane)|＠
VS VEGA(Normal)|＠
VS VEGA (Insane)|＠
VS SAGAT (Normal)|＠
VS SAGAT (Insane)|＠
VS M. BISON (Normal)|＠
VS M. BISON (Insane)|＠
VS RYU (Easy)|＠
VS RYU (Expert)|＠
VS CHUN-LI (Easy)|＠
VS CHUN-LI (Expert)|＠
VS GUILE (Easy)|＠
VS GUILE (Expert)|＠
VS ZANGIEF (Easy)|＠
VS ZANGIEF (Expert)|＠
VS BLANKA (Easy)|＠
VS BLANKA (Expert)|＠
VS DHALSIM (Easy)|＠
VS DHALSIM (Expert)|＠
VS KEN (Easy)|＠
VS KEN (Expert)|＠
Master of the Fist (Veteran)|Sekia Goshoha (Deadly)|＠
World of Snow|The Diva of Ice|Light in the Cold|＠
Betrothed from China|Girl Hates Guys|Disoriented Warrior|An Amazon's Courtship|Dirty Tricks|＠
Famed Pilgrimage|100 Legendary Pools|Tragically Drowned|Horror of the Waters|Bewitched Bodies|＠
A Post-Apocalypse Tale|Deliveryman Takuya|A Mystery Girl|Good Cats, Bad Cats|A Bothersome Cat|The Nyanko Plan|LOST (Insane)|＠
Takuya ＆ Yuki Awaken! (Veteran)|Takuya ＆ Yuki Awaken! (Insane)|＠
Another Mystery Girl|Don't Act Like You Know Me|All Worlds Will End|＠
Blackened Soul|The Two Yukis|Three Destinies|＠
An Encounter With Sin|Foolish Wanderer Kano|Wishing for Happiness|＠
God of Destruction (Merciless)|＠
The Leviathan Rises|Disaster Response HQ|Climactic Cat Clash|＠